Unnamed: 0,mouse,sex,date,probe,protocol,UnitID,firing_rate,snr,Flag_SingleUnit,isi_violations_ratio,isi_violations_rate,isi_violations_count,position,slope,Tr.2 Peak (ms),Peak2 Tr. ratio,name Wav,DV_exact,wilc_WaterCold,resp_binWaterCold,sign_binWaterCold,sign_WaterCold,latWaterCold,resp_WaterCold,wilc_WaterHot,resp_binWaterHot,sign_binWaterHot,sign_WaterHot,latWaterHot,resp_WaterHot,wilc_SalivaCold,resp_binSalivaCold,sign_binSalivaCold,sign_SalivaCold,latSalivaCold,resp_SalivaCold,wilc_SalivaHot,resp_binSalivaHot,sign_binSalivaHot,sign_SalivaHot,latSalivaHot,resp_SalivaHot,95% shuffle,SVM_W,SVM_AS
0,CB344,F,32123,tetrodes,water_and_saliva,0,2.231990849,10.3741922,True,0.152937536,0.002285705,4,none,-4.332720588,0.7,-0.298701299,waveforms_0.npy,,"[0.24176021709923112, 0.24493657804646662, 0.1345255075435559, 0.3314534381983457]",[],"[0, 0, 0, 0]",0.0,,0.0,"[0.6547208460185769, 0.39496948314223257, 0.22358752871515342, 0.06337852903654981]",[],"[0, 0, 0, 0]",0.0,,0.0,"[0.41517995543164454, 0.931876195550456, 0.931876195550456, 0.20277372410193562]",[],"[0, 0, 0, 0]",0.0,,0.0,"[0.9566061566097346, 0.38399076769259977, 0.6588700180742062, 0.7672279292125377]",[],"[0, 0, 0, 0]",0.0,,0.0,,,
1,CB344,F,32123,tetrodes,water_and_saliva,7,5.353120909,4.015181138,True,0.046528907,0.003999984,7,none,-9.344685243,0.3,-1.127147766,waveforms_7.npy,,"[0.061809560226683304, 0.12869583589235972, 0.01045949357968552, 0.013175924573916448]",[],"[0, 0, 0, 0]",0.0,,0.0,"[0.058024231516037104, 0.15213644627172362, 0.04252247799805163, 0.017461228555695794]",[],"[0, 0, 0, 0]",0.0,,0.0,"[0.016991828067202917, 0.02004590830262348, 0.04705731229834815, 0.010659264317963605]",[],"[0, 0, 0, 0]",0.0,,0.0,"[0.030205131615693936, 0.018341996104939588, 0.10330400241215147, 0.13001428936560597]",[],"[0, 0, 0, 0]",0.0,,0.0,,,
2,CB344,F,32123,tetrodes,water_and_saliva,10,6.487973399,10.39136869,True,0.009050046,0.001142852,2,none,-2.437246964,0.75,-0.174193548,waveforms_10.npy,,"[0.6963890414620633, 0.9658953114150263, 0.2091408995034536, 0.00557814205374007]",[],"[0, 0, 0, 0]",0.0,,0.0,"[0.1551471763664046, 0.5348411936820631, 0.8673900462659996, 0.15090911675799237]",[],"[0, 0, 0, 0]",0.0,,0.0,"[0.38703077322877055, 0.08148270038036348, 0.5689138055183518, 0.7768535839345506]",[],"[0, 0, 0, 0]",0.0,,0.0,"[0.8131598660630464, 0.4633012740200948, 0.5840103028884087, 0.16013652427291714]",[],"[0, 0, 0, 0]",0.0,,0.0,,,
3,CB344,F,32123,tetrodes,water_and_saliva,14,6.185688924,19.05369108,True,0.024890451,0.002857131,5,none,-6.328903959,0.725,-0.279784781,waveforms_14.npy,,"[0.0005103215439989474, 0.00045942870011930704, 0.0001953375847038145, 0.0003533727684567578]","[1, 1, 1, 1]","[-1, -1, -1, -1]",-1.0,196.0,1.0,"[0.006672776703754246, 0.010096037467724367, 0.079681396484375, 0.04495004377553356]",[],"[0, 0, 0, 0]",0.0,,0.0,"[0.0006361594424557884, 0.00027591726518209556, 0.0004694171500141583, 0.001888999879342048]","[1, 1, 1, 1]","[1, -1, -1, -1]",1.0,0.0,1.0,"[0.019952239660951842, 0.030458804886783576, 0.03921885580691888, 0.08080891783401575]",[],"[0, 0, 0, 0]",0.0,,0.0,0.5728333333333334,0.5566666666666668,0.6083333333333333
4,CB344,F,32123,tetrodes,water_and_saliva,15,0.797139589,5.43058111,True,0.0,0.0,0,none,-0.665876503,1.35,-0.155555556,waveforms_15.npy,,"[1.0, 1.0, 1.0, 1.0]",[],"[0, 0, 0, 0]",0.0,,0.0,"[1.0, 1.0, 1.0, 0.6547208460185769]",[],"[0, 0, 0, 0]",0.0,,0.0,"[1.0, 1.0, 1.0, 0.6698153575994166]",[],"[0, 0, 0, 0]",0.0,,0.0,"[0.6463551955394902, 1.0, 0.38399076769259977, 1.0]",[],"[0, 0, 0, 0]",0.0,,0.0,,,
5,CB344,F,32123,tetrodes,water_and_saliva,18,0.814853802,17.66834628,True,0.0,0.0,0,none,-5.807410237,0.75,-0.262195122,waveforms_18.npy,,"[0.7288003238830699, 0.6698153575994166, 0.9824304503697668, 0.6698153575994166]",[],"[0, 0, 0, 0]",0.0,,0.0,"[0.39489095121872864, 0.39489095121872864, 0.5400887087442459, 0.6849767938582665]",[],"[0, 0, 0, 0]",0.0,,0.0,"[0.01977692651618802, 0.038815058112415736, 0.04110876174973941, 0.019977067665816303]",[],"[0, 0, 0, 0]",0.0,,0.0,"[0.6390225161873718, 0.38399076769259977, 0.9133724990484696, 0.9133724990484696]",[],"[0, 0, 0, 0]",0.0,,0.0,,,
6,CB344,F,32123,tetrodes,water_and_saliva,19,2.002848931,27.11254485,True,0.047483479,0.000571426,1,none,-6.480566281,0.725,-0.213755567,waveforms_19.npy,,"[0.24493657804646662, 0.1345255075435559, 0.6780736542711809, 0.5610259094614841]",[],"[0, 0, 0, 0]",0.0,,0.0,"[0.6547208460185769, 0.6849767938582665, 0.31089296252999865, 0.3114834000098363]",[],"[0, 0, 0, 0]",0.0,,0.0,"[0.6698153575994166, 0.9824304503697668, 0.9824304503697668, 0.6965245300653214]",[],"[0, 0, 0, 0]",0.0,,0.0,"[0.21445475776445078, 0.21445475776445078, 0.5907838565736092, 0.38432029861699224]",[],"[0, 0, 0, 0]",0.0,,0.0,,,
7,CB344,F,32123,tetrodes,water_and_saliva,47,7.845110692,9.974972441,True,0.003094858,0.000571426,1,none,-2.815686275,0.85,-0.268361582,waveforms_47.npy,,"[0.253887299829074, 0.43398928775100887, 0.17609777149412875, 0.007582071270952388]",[],"[0, 0, 0, 0]",0.0,,0.0,"[0.08115255780438747, 0.02337798458802707, 0.19765097495834139, 0.17999688776128175]",[],"[0, 0, 0, 0]",0.0,,0.0,"[0.37537151545679415, 0.438711756942918, 0.5409650108725729, 0.28151007147718443]",[],"[0, 0, 0, 0]",0.0,,0.0,"[0.003083462273695853, 0.0010829297216615771, 0.0074807728535648075, 0.11288644326125208]","[0, 1, 0, 0]",[-1],-1.0,89.0,1.0,,,
9,CB344,F,32123,tetrodes,water_and_saliva,49,12.04337919,5.654372308,True,0.003939703,0.001714279,3,none,-3.212701613,0.725,-0.417040359,waveforms_49.npy,,"[0.06506370687881986, 0.41512339115542807, 0.9318684346874017, 0.9318684346874017]",[],"[0, 0, 0, 0]",0.0,,0.0,"[0.7376980230507604, 0.08850842259552075, 0.035630581768049, 0.11938481155821559]",[],"[0, 0, 0, 0]",0.0,,0.0,"[0.14709040235711604, 0.04132428126582747, 0.039127595355687696, 0.019977067665816303]",[],"[0, 0, 0, 0]",0.0,,0.0,"[0.03921885580691888, 0.008613255328668901, 0.015978735626502833, 0.03472359738430303]",[],"[0, 0, 0, 0]",0.0,,0.0,,,
10,CB344,F,32123,tetrodes,water_and_saliva,63,17.03421587,6.843607532,True,0.054484468,0.047428377,83,none,-1.702380952,0.575,-0.231441048,waveforms_63.npy,,"[3.814697265625e-05, 3.814697265625e-05, 3.814697265625e-06, 3.814697265625e-06]","[1, 1, 1, 1]","[1, 1, -1, -1]",1.0,123.0,1.0,"[0.002441590246225147, 0.0013881014503419606, 0.0001068115234375, 0.0003204270503762641]","[1, 1, 1, 1]","[1, 1, -1, -1]",1.0,57.0,1.0,"[2.6702880859375e-05, 1.1444091796875e-05, 7.2479248046875e-05, 3.814697265625e-06]","[1, 1, 1, 1]","[-1, 1, -1, -1]",-1.0,12.0,1.0,"[3.0517578125e-05, 3.0517578125e-05, 3.0517578125e-05, 3.0517578125e-05]","[1, 1, 1, 1]","[1, 1, -1, -1]",1.0,197.0,1.0,0.6351666666666665,0.41666666666666663,0.5666666666666667
0,CB345,F,32123,tetrodes,water_and_saliva,5,25.75451161,9.062594548,True,0.080489824,0.160165461,339,none,-2.92745377,0.3,-0.286501377,waveforms_5.npy,,"[9.5367431640625e-07, 9.5367431640625e-07, 9.5367431640625e-07, 9.5367431640625e-07]","[1, 1, 1, 1]","[1, 1, 1, 1]",1.0,157.0,1.0,"[1.1920928955078125e-07, 1.1920928955078125e-07, 1.1920928955078125e-07, 1.1920928955078125e-07]","[1, 1, 1, 1]","[1, 1, 1, -1]",1.0,133.0,1.0,"[4.76837158203125e-07, 4.76837158203125e-07, 4.76837158203125e-07, 4.76837158203125e-07]","[1, 1, 1, 1]","[1, 1, 1, 1]",1.0,160.0,1.0,"[2.384185791015625e-07, 2.384185791015625e-07, 2.384185791015625e-07, 2.384185791015625e-07]","[1, 1, 1, 1]","[1, 1, 1, -1]",1.0,182.0,1.0,0.6059333333333332,0.7133333333333333,0.584
1,CB345,F,32123,tetrodes,water_and_saliva,6,24.33806308,6.587566419,True,0.030841385,0.05480588,116,none,-6.668382353,0.125,-0.440545809,waveforms_6.npy,,"[9.5367431640625e-07, 9.5367431640625e-07, 9.5367431640625e-07, 9.5367431640625e-07]","[1, 1, 1, 1]","[-1, -1, -1, -1]",-1.0,25.0,1.0,"[2.384185791015625e-07, 1.1920928955078125e-07, 1.1920928955078125e-07, 1.1920928955078125e-07]","[1, 1, 1, 1]","[-1, -1, -1, -1]",-1.0,55.0,1.0,"[4.76837158203125e-07, 4.76837158203125e-07, 4.76837158203125e-07, 4.76837158203125e-07]","[1, 1, 1, 1]","[-1, -1, -1, -1]",-1.0,6.0,1.0,"[7.152557373046875e-07, 4.76837158203125e-07, 1.1920928955078125e-06, 4.76837158203125e-07]","[1, 1, 1, 1]","[-1, -1, -1, 1]",-1.0,0.0,1.0,0.6122,0.3306666666666666,0.6306666666666667
3,CB345,F,32123,tetrodes,water_and_saliva,10,5.347353056,3.954292684,True,0.049569291,0.00425218,9,none,-2.688306452,0.825,-0.457943925,waveforms_10.npy,,"[0.0002683508920157029, 0.000638400279198826, 0.00023249112970730293, 0.0442709310522813]","[1, 1, 1, 0]","[1, 1, 1]",1.0,0.0,1.0,"[0.0022886796435787737, 0.0344160869165909, 0.0367484206310812, 0.08360178573240563]","[1, 0, 0, 0]",[-1],-1.0,0.0,1.0,"[0.0006245602432103895, 0.006076742121704632, 0.015414593970838952, 0.017679048225367904]","[1, 0, 0, 0]",[1],1.0,217.0,1.0,"[0.24889900432389445, 0.3719165905756985, 0.9876800600743584, 0.5363897323917076]",[],"[0, 0, 0, 0]",0.0,,0.0,0.6301333333333333,0.5626666666666668,0.496
4,CB345,F,32123,tetrodes,water_and_saliva,11,10.96070362,5.382474655,True,0.009176331,0.003307251,7,none,-1.123518255,0.55,-0.168831169,waveforms_11.npy,,"[9.5367431640625e-07, 9.5367431640625e-07, 9.5367431640625e-07, 9.5367431640625e-07]","[1, 1, 1, 1]","[-1, 1, 1, 1]",-1.0,108.0,1.0,"[1.1920928955078125e-07, 3.3735006332886704e-05, 5.960464477539062e-07, 1.9308836498008226e-05]","[1, 1, 1, 1]","[-1, 1, -1, -1]",-1.0,133.0,1.0,"[9.5367431640625e-07, 7.299694133515291e-05, 2.6226043701171875e-05, 9.059906005859375e-06]","[1, 1, 1, 1]","[-1, 1, 1, 1]",-1.0,0.0,1.0,"[2.384185791015625e-07, 2.8643449880658066e-05, 2.8369762038158218e-05, 2.830922328808322e-05]","[1, 1, 1, 1]","[-1, -1, -1, -1]",-1.0,163.0,1.0,0.6096,0.9519999999999998,0.9333333333333332
5,CB345,F,32123,tetrodes,water_and_saliva,14,7.404935893,10.40905126,True,0.002872138,0.000472464,1,none,-4.290322581,0.85,-0.273637375,waveforms_14.npy,,"[1.0, 1.0, 1.0, 1.0]",[],"[0, 0, 0, 0]",0.0,,0.0,"[1.0, 1.0, 1.0, 1.0]",[],"[0, 0, 0, 0]",0.0,,0.0,"[1.0, 1.0, 1.0, 1.0]",[],"[0, 0, 0, 0]",0.0,,0.0,"[0.6948866023724733, 0.6948866023724733, 0.6948866023724733, 0.9866167687059191]",[],"[0, 0, 0, 0]",0.0,,0.0,,,
6,CB345,F,32123,tetrodes,water_and_saliva,16,17.93616929,11.14057018,True,0.034267827,0.033072514,70,none,-5.446524064,0.2,-0.375770021,waveforms_16.npy,,"[0.0003361390758499683, 0.0006383615191501498, 0.0008516311645507812, 0.0089661127804145]","[1, 1, 1, 0]","[1, 1, 1]",1.0,139.0,1.0,"[1.6689300537109375e-06, 4.0720866622316555e-05, 7.957499318044192e-05, 3.785832777496307e-05]","[1, 1, 1, 1]","[1, 1, 1, 1]",1.0,197.0,1.0,"[0.00026985864106465523, 0.022916316986083984, 0.0023598897959884245, 0.0019029650792963836]","[1, 0, 1, 1]","[1, 1, 1]",1.0,238.0,1.0,"[1.6689300537109375e-06, 6.031990051269531e-05, 7.319450378417969e-05, 4.538606202251651e-05]","[1, 1, 1, 1]","[1, 1, 1, 1]",1.0,192.0,1.0,0.607,0.8653333333333333,0.9786666666666666
7,CB345,F,32123,tetrodes,water_and_saliva,18,14.82262833,4.107257103,True,0.157695811,0.103942187,220,none,-0.430846774,0.35,-0.164556962,waveforms_18.npy,,"[9.859120263917511e-05, 1.811981201171875e-05, 9.5367431640625e-06, 6.67572021484375e-06]","[1, 1, 1, 1]","[1, 1, 1, -1]",1.0,204.0,1.0,"[3.5762786865234375e-07, 8.344650268554688e-07, 1.1920928955078125e-06, 5.960464477539062e-07]","[1, 1, 1, 1]","[1, 1, 1, -1]",1.0,185.0,1.0,"[1.430511474609375e-06, 2.384185791015625e-06, 2.384185791015625e-06, 9.5367431640625e-07]","[1, 1, 1, 1]","[1, 1, 1, -1]",1.0,184.0,1.0,"[0.00013492153123080233, 4.935264587402344e-05, 1.3113021850585938e-05, 1.6689300537109375e-05]","[1, 1, 1, 1]","[1, 1, 1, -1]",1.0,111.0,1.0,0.6364666666666667,0.7293333333333334,0.5893333333333334
8,CB345,F,32123,tetrodes,water_and_saliva,19,5.812730574,12.1613613,True,0.013983271,0.001417393,3,none,-6.124384236,0.725,-0.295983087,waveforms_19.npy,,"[1.0, 1.0, 1.0, 1.0]",[],"[0, 0, 0, 0]",0.0,,0.0,"[1.0, 1.0, 0.7003113729368902, 0.09440034897225749]",[],"[0, 0, 0, 0]",0.0,,0.0,"[1.0, 1.0, 1.0, 1.0]",[],"[0, 0, 0, 0]",0.0,,0.0,"[0.691542997962931, 0.2751980984596635, 0.2752309001174068, 0.6630055199543614]",[],"[0, 0, 0, 0]",0.0,,0.0,,,
9,CB345,F,32123,tetrodes,water_and_saliva,33,25.23243835,5.807756258,True,0.02127296,0.040631946,86,none,-9.884803922,0.15,-0.753456221,waveforms_33.npy,,"[9.5367431640625e-07, 9.5367431640625e-07, 9.5367431640625e-07, 9.5367431640625e-07]","[1, 1, 1, 1]","[1, 1, -1, -1]",1.0,201.0,1.0,"[1.1920928955078125e-07, 1.1920928955078125e-07, 1.1920928955078125e-07, 1.1920928955078125e-07]","[1, 1, 1, 1]","[1, 1, 1, 1]",1.0,182.0,1.0,"[4.76837158203125e-07, 4.76837158203125e-07, 4.76837158203125e-07, 4.76837158203125e-07]","[1, 1, 1, 1]","[1, 1, 1, -1]",1.0,160.0,1.0,"[2.384185791015625e-07, 2.384185791015625e-07, 2.384185791015625e-07, 2.384185791015625e-07]","[1, 1, 1, 1]","[1, 1, 1, 1]",1.0,193.0,1.0,0.6414,0.8293333333333335,0.78
10,CB345,F,32123,tetrodes,water_and_saliva,35,19.0681942,7.40167445,True,0.056308264,0.061420383,130,none,-2.638808251,0.375,-0.313492063,waveforms_35.npy,,"[0.0018113551841074202, 0.19615333485836983, 0.09700882761275485, 0.13812522515686132]","[1, 0, 0, 0]",[1],1.0,171.0,1.0,"[2.6115458608373204e-05, 5.125999450683594e-06, 0.0008502434507376588, 0.010438569758371931]","[1, 1, 1, 0]","[-1, 1, 1]",-1.0,25.0,1.0,"[0.0007306297261526615, 0.0041412784513835425, 0.13429681114195108, 0.1465167999267578]","[1, 0, 0, 0]",[-1],-1.0,7.0,1.0,"[7.152557373046875e-07, 2.384185791015625e-07, 0.00030395367855345597, 0.024140720693499564]","[1, 1, 1, 0]","[-1, -1, 1]",-1.0,74.0,1.0,0.6136,0.6453333333333333,0.5866666666666667
11,CB345,F,32123,tetrodes,water_and_saliva,36,10.77077289,4.923775176,True,0.063804607,0.022205831,47,none,-2.173192436,0.8,-0.323450135,waveforms_36.npy,,"[9.5367431640625e-07, 9.5367431640625e-07, 9.5367431640625e-07, 9.5367431640625e-07]","[1, 1, 1, 1]","[1, -1, 1, 1]",1.0,4.0,1.0,"[1.1920928955078125e-07, 1.1920928955078125e-07, 1.1920928955078125e-07, 1.1920928955078125e-07]","[1, 1, 1, 1]","[1, 1, 1, 1]",1.0,62.0,1.0,"[4.76837158203125e-07, 4.76837158203125e-07, 4.76837158203125e-07, 4.76837158203125e-07]","[1, 1, 1, 1]","[1, 1, 1, 1]",1.0,55.0,1.0,"[2.384185791015625e-07, 4.76837158203125e-07, 4.76837158203125e-07, 2.818845118713287e-05]","[1, 1, 1, 1]","[1, 1, 1, 1]",1.0,151.0,1.0,0.6133333333333333,0.5000000000000001,0.6173333333333334
12,CB345,F,32123,tetrodes,water_and_saliva,39,21.55430233,5.605759105,True,0.03830526,0.053388487,113,none,-2.854679803,0.975,-0.392523364,waveforms_39.npy,,"[9.5367431640625e-07, 6.297898705949789e-05, 9.5367431640625e-07, 9.5367431640625e-07]","[1, 1, 1, 1]","[1, 1, -1, -1]",1.0,152.0,1.0,"[1.1920928955078125e-07, 2.384185791015625e-07, 1.1920928955078125e-07, 1.1920928955078125e-07]","[1, 1, 1, 1]","[1, 1, -1, -1]",1.0,215.0,1.0,"[4.76837158203125e-07, 4.76837158203125e-07, 4.76837158203125e-07, 4.76837158203125e-07]","[1, 1, 1, 1]","[1, 1, -1, -1]",1.0,188.0,1.0,"[3.337860107421875e-06, 5.5011337666196144e-05, 5.545029769738754e-05, 2.384185791015625e-07]","[1, 1, 1, 1]","[1, 1, -1, -1]",1.0,214.0,1.0,0.6075999999999999,0.5866666666666667,0.5213333333333333
13,CB345,F,32123,tetrodes,water_and_saliva,42,4.307458721,6.134259537,True,0.025464017,0.001417393,3,none,-2.576036096,0.825,-0.36199095,waveforms_42.npy,,"[0.07852275290392487, 0.023252670372243725, 0.045242171248432946, 0.045224976133404315]",[],"[0, 0, 0, 0]",0.0,,0.0,"[0.08309031395973936, 0.015144845041768357, 0.09403027785361386, 0.05910795689349385]",[],"[0, 0, 0, 0]",0.0,,0.0,"[0.02486665520008303, 0.024856375730764754, 0.052040259070162825, 0.19276143445113036]",[],"[0, 0, 0, 0]",0.0,,0.0,"[0.5420539186321738, 0.39564764363370797, 0.17425660874300408, 0.2673626105053606]",[],"[0, 0, 0, 0]",0.0,,0.0,,,
14,CB345,F,32123,tetrodes,water_and_saliva,69,30.43710713,12.24685694,True,0.010709809,0.029765263,63,none,-10.89576883,0.15,-0.510739857,waveforms_69.npy,,"[9.5367431640625e-07, 9.5367431640625e-07, 9.5367431640625e-07, 9.5367431640625e-07]","[1, 1, 1, 1]","[1, -1, 1, 1]",1.0,2.0,1.0,"[1.1920928955078125e-07, 1.1920928955078125e-07, 1.1920928955078125e-07, 1.1920928955078125e-07]","[1, 1, 1, 1]","[1, -1, -1, -1]",1.0,158.0,1.0,"[4.76837158203125e-07, 4.76837158203125e-07, 4.76837158203125e-07, 4.76837158203125e-07]","[1, 1, 1, 1]","[1, -1, 1, -1]",1.0,108.0,1.0,"[2.384185791015625e-07, 2.384185791015625e-07, 2.384185791015625e-07, 2.384185791015625e-07]","[1, 1, 1, 1]","[-1, -1, -1, -1]",-1.0,30.0,1.0,0.6281333333333333,0.6386666666666667,0.5573333333333332
15,CB345,F,32123,tetrodes,water_and_saliva,70,22.74491283,7.25838932,True,0.029833584,0.04630152,98,none,-1.61038961,0.65,-0.217213115,waveforms_70.npy,,"[9.5367431640625e-07, 9.5367431640625e-07, 9.5367431640625e-07, 9.5367431640625e-07]","[1, 1, 1, 1]","[-1, 1, 1, -1]",-1.0,1.0,1.0,"[1.1920928955078125e-07, 1.9289948484620025e-05, 1.1920928955078125e-07, 1.1920928955078125e-07]","[1, 1, 1, 1]","[1, 1, 1, 1]",1.0,198.0,1.0,"[4.76837158203125e-07, 4.76837158203125e-07, 4.76837158203125e-07, 4.76837158203125e-07]","[1, 1, 1, 1]","[-1, 1, 1, -1]",-1.0,26.0,1.0,"[2.384185791015625e-07, 2.384185791015625e-07, 2.384185791015625e-07, 2.384185791015625e-07]","[1, 1, 1, 1]","[-1, -1, -1, -1]",-1.0,57.0,1.0,0.6165333333333333,0.5586666666666666,0.5733333333333333
16,CB345,F,32123,tetrodes,water_and_saliva,72,1.896472448,13.94281196,True,0.0,0.0,0,none,-4.744959677,0.9,-0.229255774,waveforms_72.npy,,"[0.14735898872445619, 0.14735898872445619, 0.14735898872445619, 0.14735898872445619]",[],"[0, 0, 0, 0]",0.0,,0.0,"[0.45818539267141567, 0.45818539267141567, 0.45818539267141567, 0.6972485336323417]",[],"[0, 0, 0, 0]",0.0,,0.0,"[0.26727139991161397, 0.2672343136360972, 0.2672343136360972, 0.2672343136360972]",[],"[0, 0, 0, 0]",0.0,,0.0,"[0.691542997962931, 0.4503461414929122, 0.4503461414929122, 0.4503461414929122]",[],"[0, 0, 0, 0]",0.0,,0.0,,,
17,CB345,F,32123,tetrodes,water_and_saliva,73,3.207561397,9.703302534,True,0.076536388,0.002362322,5,none,-6.316521739,0.15,-0.430082256,waveforms_73.npy,,"[0.05837857020435244, 0.05088086521084078, 0.21174224003052, 0.023711862158762267]",[],"[0, 0, 0, 0]",0.0,,0.0,"[0.0009313325607994991, 0.004988951083699721, 0.001769412929727682, 0.0016231534967054003]","[1, 0, 1, 1]","[-1, -1, -1]",-1.0,67.0,1.0,"[0.0011085621280863512, 0.21912884564344193, 0.008239266092736229, 0.0010774701959235388]","[1, 0, 0, 1]","[-1, -1]",-1.0,64.0,1.0,"[0.0269221447701386, 0.025696819226769377, 0.00981770002647, 0.040887408135633484]",[],"[0, 0, 0, 0]",0.0,,0.0,0.5720000000000001,0.536,0.6973333333333335
18,CB345,F,32123,tetrodes,water_and_saliva,74,12.69181349,9.995100522,True,0.043018298,0.020788437,44,none,-5.310837438,0.85,-0.340723454,waveforms_74.npy,,"[0.07062947784327551, 0.15930500679335413, 0.060412495668441216, 0.5250680922844517]",[],"[0, 0, 0, 0]",0.0,,0.0,"[0.0011493792108646338, 0.0008044742251570974, 0.004288809389783099, 0.19921116553556495]","[1, 1, 0, 0]","[-1, -1]",-1.0,7.0,1.0,"[0.0024868133232198593, 0.0001454643558833096, 0.0002306986709939448, 0.00031995007173627344]","[1, 1, 1, 1]","[1, -1, -1, 1]",1.0,89.0,1.0,"[0.016234137340049328, 0.011253893050231846, 0.06413072898031964, 0.11110934658044914]",[],"[0, 0, 0, 0]",0.0,,0.0,0.6053999999999999,0.49200000000000005,0.5693333333333334
19,CB345,F,32123,tetrodes,water_and_saliva,77,4.401951619,13.40415713,True,0.016255015,0.000944929,2,none,-5.058594347,0.775,-0.247572816,waveforms_77.npy,,"[8.45306609201019e-05, 9.5367431640625e-06, 8.494972571613464e-05, 9.5367431640625e-07]","[1, 1, 1, 1]","[1, 1, 1, -1]",1.0,197.0,1.0,"[1.1920928955078125e-07, 1.1920928955078125e-07, 1.1920928955078125e-07, 1.1920928955078125e-07]","[1, 1, 1, 1]","[-1, -1, -1, -1]",-1.0,50.0,1.0,"[4.76837158203125e-07, 4.76837158203125e-07, 4.76837158203125e-07, 4.76837158203125e-07]","[1, 1, 1, 1]","[-1, 1, -1, -1]",-1.0,27.0,1.0,"[3.698950720410869e-05, 1.1920928955078125e-06, 1.1920928955078125e-06, 1.1920928955078125e-06]","[1, 1, 1, 1]","[1, -1, -1, -1]",1.0,12.0,1.0,0.6138666666666666,0.9373333333333332,0.8413333333333333
20,CB345,F,32123,tetrodes,water_and_saliva,78,0.632157483,10.97765749,True,0.0,0.0,0,none,-5.774220033,0.775,-0.283236994,waveforms_78.npy,,"[0.6830913983096087, 0.7349113924196855, 0.00862437071701962, 0.000341889101529961]","[0, 0, 0, 1]",[1],1.0,538.0,1.0,"[0.5878733107630292, 0.0004041231509893346, 0.0006182571526354431, 0.08172275229865932]","[0, 1, 1, 0]","[1, 1]",1.0,356.0,1.0,"[0.6854489787443911, 0.5287106238073973, 0.006222802671247742, 0.0055713206059706194]",[],"[0, 0, 0, 0]",0.0,,0.0,"[0.2792600880719097, 0.007579641861138926, 0.22152075444795571, 0.35171472476323173]",[],"[0, 0, 0, 0]",0.0,,0.0,0.6068666666666667,0.7799999999999998,0.7093333333333334
21,CB345,F,32123,tetrodes,water_and_saliva,79,5.685165163,5.465320521,True,0.004872611,0.000472464,1,none,-4.451470588,0.25,-0.336206897,waveforms_79.npy,,"[9.5367431640625e-07, 9.5367431640625e-07, 9.5367431640625e-07, 9.5367431640625e-07]","[1, 1, 1, 1]","[1, 1, -1, -1]",1.0,0.0,1.0,"[1.1920928955078125e-07, 1.1920928955078125e-07, 1.1920928955078125e-07, 1.1920928955078125e-07]","[1, 1, 1, 1]","[1, -1, -1, -1]",1.0,37.0,1.0,"[4.76837158203125e-07, 4.76837158203125e-07, 4.76837158203125e-07, 4.76837158203125e-07]","[1, 1, 1, 1]","[1, -1, -1, -1]",1.0,39.0,1.0,"[2.384185791015625e-07, 2.384185791015625e-07, 2.384185791015625e-07, 2.384185791015625e-07]","[1, 1, 1, 1]","[-1, -1, -1, -1]",-1.0,14.0,1.0,0.5414666666666668,0.5226666666666666,0.5720000000000001
0,CB346,F,32123,tetrodes,water_and_saliva,26,3.548508544,5.198570275,True,0.012322731,0.0004655,1,none,-1.0,2.15,-0.022900763,waveforms_26.npy,,"[4.4226646423339844e-05, 9.207136898257512e-05, 0.11485375224474496, 0.001886005025267839]","[1, 1, 0, 1]","[1, -1, 1]",1.0,53.0,1.0,"[0.014726053526981215, 0.017240648208259726, 0.04934657726746352, 0.22209756607929154]",[],"[0, 0, 0, 0]",0.0,,0.0,"[3.771007172342529e-05, 2.0098617222617535e-05, 0.0008419063137961822, 0.004461343938761436]","[1, 1, 1, 0]","[-1, -1, 1]",-1.0,142.0,1.0,"[0.004556337510535746, 0.001456031817854161, 0.008654030375220627, 0.030336595448001373]","[0, 1, 0, 0]",[1],1.0,446.0,1.0,0.6226875000000001,0.7675,0.5125
1,CB346,F,32123,tetrodes,water_and_saliva,40,0.760161938,10.84197355,True,0.0,0.0,0,none,-1.794208494,0.85,-0.188356164,waveforms_40.npy,,"[0.45821338747584006, 1.0, 0.7003113729368902, 0.7003113729368902]",[],"[0, 0, 0, 0]",0.0,,0.0,"[0.29433961515439033, 0.3158619149986901, 0.6223589353180703, 0.46077447947293804]",[],"[0, 0, 0, 0]",0.0,,0.0,"[0.20784937078101506, 0.05207152164274504, 0.16363897253911186, 0.330074312720828]",[],"[0, 0, 0, 0]",0.0,,0.0,"[0.6704260370240777, 0.6704439470041068, 0.8931547585649351, 0.6704439470041068]",[],"[0, 0, 0, 0]",0.0,,0.0,,,
2,CB346,F,32123,tetrodes,water_and_saliva,41,0.968706058,8.651155198,True,0.165353979,0.0004655,1,none,-1.964285714,0.875,-0.226012793,waveforms_41.npy,,"[0.28934094414750866, 0.2694823590283614, 0.35635080274424324, 0.1873906296495973]",[],"[0, 0, 0, 0]",0.0,,0.0,"[0.03423473259031034, 0.01630373608046897, 0.0992347842116817, 0.015044844865696483]",[],"[0, 0, 0, 0]",0.0,,0.0,"[0.10553120856870239, 0.05794150257627178, 0.451573993519955, 0.24991329708778887]",[],"[0, 0, 0, 0]",0.0,,0.0,"[0.1081052566518405, 0.12482926850305756, 0.16823713937279205, 0.21317027689599255]",[],"[0, 0, 0, 0]",0.0,,0.0,,,
0,CB347,M,32123,tetrodes,water_and_saliva,3,1.721322954,21.46842501,True,0.0,0.0,0,none,-9.414744079,0.7,-0.25394793,waveforms_3.npy,,"[0.0018663379242011002, 0.001028082776144963, 0.0010409186555076333, 0.0018645915930046045]","[1, 1, 1, 1]","[-1, -1, -1, -1]",-1.0,117.0,1.0,"[0.002496623289634293, 0.004080522169761977, 0.004483567267179932, 0.0031537651935557177]","[1, 0, 0, 0]",[-1],-1.0,53.0,1.0,"[0.15668377767106476, 0.09285430682696381, 0.09287483458894309, 0.16618013852668723]",[],"[0, 0, 0, 0]",0.0,,0.0,"[0.0007088182540795088, 0.00014721936709655945, 0.00014548081990751728, 0.00026780979255469324]","[1, 1, 1, 1]","[-1, -1, -1, -1]",-1.0,132.0,1.0,0.5333333333333333,0.5333333333333333,0.64875
1,CB347,M,32123,tetrodes,water_and_saliva,11,4.321599625,9.590143297,True,0.033061266,0.001852379,4,none,-9.16826087,0.675,-0.367458867,waveforms_11.npy,,"[0.0011833493121633427, 0.0006297173805138389, 0.024538270558667235, 0.02248528332245967]","[1, 1, 0, 0]","[-1, -1]",-1.0,87.0,1.0,"[0.6077660314078546, 0.24706122927008456, 0.003462375720911807, 0.0005559224557991769]","[0, 0, 0, 1]",[1],1.0,591.0,1.0,"[0.0100202227640629, 0.00431435275245008, 0.0004664021919771973, 0.00016991328947532001]","[0, 0, 1, 1]","[-1, -1]",-1.0,449.0,1.0,"[0.6512248507036705, 1.0, 0.011958322199936684, 0.0035784994494912482]",[],"[0, 0, 0, 0]",0.0,,0.0,0.6537333333333333,0.7666666666666666,0.805
2,CB347,M,32123,tetrodes,water_and_saliva,15,0.962773856,21.85661585,True,0.0,0.0,0,none,-9.230040323,0.75,-0.254901961,waveforms_15.npy,,"[0.14980430484573304, 0.6471653623674218, 0.14980430484573304, 0.07670068557959019]",[],"[0, 0, 0, 0]",0.0,,0.0,"[0.0005089661336352648, 0.0006949573537306012, 0.0022408918255494236, 0.00014125790283276872]","[1, 1, 1, 1]","[-1, -1, -1, -1]",-1.0,2.0,1.0,"[0.6456208422059233, 0.45247025561655785, 0.2794480959949426, 0.4626414805493335]",[],"[0, 0, 0, 0]",0.0,,0.0,"[0.006917793235607882, 0.000798042756689039, 0.0007565679240551824, 0.000753698935238635]","[0, 1, 1, 1]","[-1, -1, -1]",-1.0,317.0,1.0,0.5429333333333334,0.5333333333333333,0.62125
4,CB347,M,32123,tetrodes,water_and_saliva,20,21.41257217,7.589874339,True,0.058581449,0.080578476,174,none,-3.058102637,0.75,-0.317708333,waveforms_20.npy,,"[1.9073486328125e-06, 1.9073486328125e-06, 1.9073486328125e-06, 3.814697265625e-06]","[1, 1, 1, 1]","[1, 1, 1, 1]",1.0,135.0,1.0,"[2.156276880617198e-05, 0.0023037506701411104, 1.9027056997459696e-05, 1.9101875981612204e-05]","[1, 1, 1, 1]","[1, 1, 1, 1]",1.0,138.0,1.0,"[0.00012513883016987694, 0.0002560400668530361, 0.00016965554759561943, 0.00233349233692693]","[1, 1, 1, 1]","[1, 1, 1, 1]",1.0,127.0,1.0,"[1.1920928955078125e-07, 3.5762786865234375e-07, 1.1920928955078125e-07, 2.4748214680371303e-05]","[1, 1, 1, 1]","[1, 1, 1, 1]",1.0,145.0,1.0,0.5935333333333334,0.6679999999999999,0.68125
5,CB347,M,32123,tetrodes,water_and_saliva,23,16.92564774,19.80246311,True,0.000538838,0.000463095,1,none,-7.973543473,0.275,-0.344591287,waveforms_23.npy,,"[3.814697265625e-06, 3.814697265625e-06, 5.7220458984375e-06, 9.422246116292308e-05]","[1, 1, 1, 1]","[1, 1, -1, -1]",1.0,134.0,1.0,"[1.1920928955078125e-07, 1.1920928955078125e-07, 1.1920928955078125e-07, 1.1920928955078125e-07]","[1, 1, 1, 1]","[-1, -1, -1, -1]",-1.0,2.0,1.0,"[2.384185791015625e-06, 3.2391245589125224e-05, 7.867813110351562e-06, 4.5299530029296875e-06]","[1, 1, 1, 1]","[1, -1, -1, -1]",1.0,117.0,1.0,"[1.1920928955078125e-07, 1.1920928955078125e-07, 1.1920928955078125e-07, 1.1920928955078125e-07]","[1, 1, 1, 1]","[1, -1, -1, -1]",1.0,38.0,1.0,0.6271333333333332,0.7973333333333333,0.715
6,CB347,M,32123,tetrodes,water_and_saliva,26,16.41716977,6.528341584,True,0.030354832,0.024544018,53,none,-1.809982984,0.3,-0.246045694,waveforms_26.npy,,"[0.09974680442895134, 0.27715811466979245, 0.00023075357738689474, 5.7220458984375e-06]","[0, 0, 1, 1]","[-1, -1]",-1.0,607.0,1.0,"[0.06463621605584219, 0.25210339975722384, 0.0001669171527043657, 5.960464477539062e-07]","[0, 0, 1, 1]","[1, 1]",1.0,144.0,1.0,"[0.06500369548443119, 0.016055197608736572, 0.00017749300334545654, 1.6689300537109375e-05]","[0, 0, 1, 1]","[1, 1]",1.0,144.0,1.0,"[0.06245586285933312, 0.28333721635786346, 0.00011288473523070405, 9.485582358376972e-05]","[0, 0, 1, 1]","[1, 1]",1.0,140.0,1.0,0.6177999999999999,0.8653333333333333,0.70375
7,CB347,M,32123,tetrodes,water_and_saliva,28,13.20097717,10.01110394,True,0.000885801,0.000463095,1,none,-4.133976834,0.725,-0.270980789,waveforms_28.npy,,"[0.00022241713495914917, 9.573705136498657e-05, 8.31966762469768e-05, 0.0004792877798731423]","[1, 1, 1, 1]","[-1, -1, -1, -1]",-1.0,153.0,1.0,"[0.0205186279614876, 0.0026091240990476178, 0.09519869620567636, 0.2749196890717267]",[],"[0, 0, 0, 0]",0.0,,0.0,"[3.215310727784718e-05, 2.665505053727575e-05, 2.665505053727575e-05, 7.152557373046875e-07]","[1, 1, 1, 1]","[-1, -1, -1, -1]",-1.0,197.0,1.0,"[0.00030319456953744033, 4.3482868018235375e-05, 0.00017485162118134698, 0.15102615479062906]","[1, 1, 1, 0]","[-1, -1, 1]",-1.0,135.0,1.0,0.5978,0.7506666666666666,0.82
9,CB347,M,32123,tetrodes,water_and_saliva,40,9.470286363,8.741982567,True,0.053356092,0.014355935,31,none,-3.408756684,0.75,-0.23853211,waveforms_40.npy,,"[0.0007046406036709794, 0.000923341992781192, 0.007941346473627932, 0.04351011619427021]","[1, 1, 0, 0]","[-1, -1]",-1.0,171.0,1.0,"[0.0002510276920853485, 0.001070950135264407, 0.03494891957254499, 0.26233821128941204]","[1, 1, 0, 0]","[-1, -1]",-1.0,154.0,1.0,"[0.00041830126950649204, 8.722435654517751e-05, 0.0006681541819332315, 0.0014949345442272079]","[1, 1, 1, 1]","[1, -1, -1, -1]",1.0,28.0,1.0,"[0.000395508891843004, 9.071361719511313e-05, 0.0011259139366769358, 0.09070696367147871]","[1, 1, 1, 0]","[-1, -1, 1]",-1.0,145.0,1.0,0.6060666666666665,0.5906666666666667,0.67375
10,CB347,M,32123,tetrodes,water_and_saliva,42,21.50843277,7.24860681,True,0.027361813,0.037973764,82,none,-0.360667693,0.125,-0.100364964,waveforms_42.npy,,"[5.7220458984375e-06, 0.0001496927488930208, 9.342828883492249e-05, 5.7220458984375e-06]","[1, 1, 1, 1]","[1, 1, 1, 1]",1.0,161.0,1.0,"[1.1920928955078125e-07, 1.1920928955078125e-07, 1.1920928955078125e-07, 1.1920928955078125e-07]","[1, 1, 1, 1]","[1, 1, -1, -1]",1.0,138.0,1.0,"[2.384185791015625e-07, 2.384185791015625e-07, 2.384185791015625e-07, 2.384185791015625e-07]","[1, 1, 1, 1]","[1, -1, -1, -1]",1.0,146.0,1.0,"[1.1920928955078125e-07, 1.1920928955078125e-07, 1.1920928955078125e-07, 1.1920928955078125e-07]","[1, 1, 1, 1]","[1, -1, -1, -1]",1.0,145.0,1.0,0.6135333333333334,0.5506666666666667,0.615
11,CB347,M,32123,tetrodes,water_and_saliva,45,0.507088683,12.0073662,True,0.0,0.0,0,none,-5.177864294,0.725,-0.300626305,waveforms_45.npy,,"[0.6720969384209414, 0.6868628636128575, 0.599037171009317, 0.37338717013783806]",[],"[0, 0, 0, 0]",0.0,,0.0,"[0.45818539267141567, 0.9509824989716867, 0.07726962844785722, 0.5774806453283354]",[],"[0, 0, 0, 0]",0.0,,0.0,"[0.7037552435600076, 0.4503142755112408, 0.6915230036473563, 0.9479402265871469]",[],"[0, 0, 0, 0]",0.0,,0.0,"[1.0, 1.0, 0.16657094725166677, 0.09440034897225749]",[],"[0, 0, 0, 0]",0.0,,0.0,,,
12,CB347,M,32123,tetrodes,water_and_saliva,47,12.38593052,4.270194738,True,0.032198915,0.01481903,32,none,-1.541100076,0.325,-0.350453172,waveforms_47.npy,,"[1.9073486328125e-06, 1.9073486328125e-06, 1.9073486328125e-06, 1.9073486328125e-06]","[1, 1, 1, 1]","[1, 1, -1, -1]",1.0,176.0,1.0,"[1.1920928955078125e-07, 1.1920928955078125e-07, 1.1920928955078125e-07, 1.1920928955078125e-07]","[1, 1, 1, 1]","[-1, -1, -1, -1]",-1.0,216.0,1.0,"[1.1920928955078125e-06, 2.867398756281929e-05, 2.8612937822758165e-05, 2.384185791015625e-07]","[1, 1, 1, 1]","[1, 1, -1, -1]",1.0,146.0,1.0,"[2.384185791015625e-07, 2.384185791015625e-07, 1.1920928955078125e-07, 1.1920928955078125e-07]","[1, 1, 1, 1]","[-1, -1, -1, -1]",-1.0,0.0,1.0,0.6259999999999999,0.8546666666666667,0.71125
13,CB347,M,32123,tetrodes,water_and_saliva,49,13.20560811,7.437241272,True,0.012392524,0.006483326,14,none,-3.458558559,0.725,-0.296103896,waveforms_49.npy,,"[9.435531950033576e-05, 9.133532230916859e-05, 1.9073486328125e-05, 0.00011004633633437383]","[1, 1, 1, 1]","[-1, -1, -1, -1]",-1.0,117.0,1.0,"[0.005107393436949751, 0.0005096469536407728, 0.006809343748589354, 0.007816963986528534]","[0, 1, 0, 0]",[1],1.0,26.0,1.0,"[0.00012389887174587362, 0.0029820578879073472, 3.923032153038549e-05, 4.4698981531949005e-05]","[1, 0, 1, 1]","[1, -1, -1]",1.0,210.0,1.0,"[0.003201125604354111, 0.058413408570881856, 0.00048174863409672873, 0.005224623440061338]","[0, 0, 1, 0]",[-1],-1.0,390.0,1.0,0.5848,0.6066666666666667,0.65
14,CB347,M,32123,tetrodes,water_and_saliva,51,1.447633994,5.705707123,True,0.0,0.0,0,none,-1.947058824,0.875,-0.214532872,waveforms_51.npy,,"[0.6721282953486711, 0.936609371296571, 0.42458041863779383, 0.42458041863779383]",[],"[0, 0, 0, 0]",0.0,,0.0,"[0.45818539267141567, 0.6972485336323417, 0.3457178159477038, 0.5774806453283354]",[],"[0, 0, 0, 0]",0.0,,0.0,"[0.7409031574718552, 0.6948866023724733, 0.6948866023724733, 0.9866167687059191]",[],"[0, 0, 0, 0]",0.0,,0.0,"[0.17274094392390216, 0.09731551956511707, 0.5207995359299524, 0.25053597441363773]",[],"[0, 0, 0, 0]",0.0,,0.0,,,
15,CB347,M,32123,tetrodes,water_and_saliva,56,0.746508637,10.76441839,True,0.276999427,0.000463095,1,none,-4.749083578,0.85,-0.227615063,waveforms_56.npy,,"[0.6766573217164245, 0.42453187014444405, 0.2506051749618906, 0.021474082514810876]",[],"[0, 0, 0, 0]",0.0,,0.0,"[0.7003113729368902, 0.9874076640866827, 0.9874076640866827, 0.34580646800441783]",[],"[0, 0, 0, 0]",0.0,,0.0,"[0.6948866023724733, 1.0, 0.0897436365826072, 0.026505022252287142]",[],"[0, 0, 0, 0]",0.0,,0.0,"[0.7003113729368902, 0.9874076640866827, 0.5185753812460396, 0.9874076640866827]",[],"[0, 0, 0, 0]",0.0,,0.0,,,
16,CB347,M,32123,tetrodes,water_and_saliva,61,5.672446829,8.539163092,True,0.009594839,0.000926189,2,none,-3.956284761,0.675,-0.256257449,waveforms_61.npy,,"[0.8045246876276887, 0.7590491849329482, 0.634659607061884, 0.07610570752398481]",[],"[0, 0, 0, 0]",0.0,,0.0,"[0.007969046585475236, 0.014414658639304035, 0.16059484623393583, 0.7175817343017101]",[],"[0, 0, 0, 0]",0.0,,0.0,"[0.051908409444965754, 0.028599010455955552, 0.15123238668612143, 0.1695829468223985]",[],"[0, 0, 0, 0]",0.0,,0.0,"[0.0042803919155478395, 0.0022080272891255573, 0.002373209097962645, 0.0844131502885597]","[0, 1, 1, 0]","[-1, -1]",-1.0,128.0,1.0,,,
17,CB347,M,32123,tetrodes,water_and_saliva,62,0.919242955,6.606197663,True,0.0,0.0,0,none,-2.178793988,0.8,-0.212698413,waveforms_62.npy,,"[0.42453187014444405, 1.0, 0.42458041863779383, 0.6766573217164245]",[],"[0, 0, 0, 0]",0.0,,0.0,"[0.7003113729368902, 0.7003113729368902, 1.0, 1.0]",[],"[0, 0, 0, 0]",0.0,,0.0,"[0.4503461414929122, 0.4503461414929122, 0.4503461414929122, 0.4503461414929122]",[],"[0, 0, 0, 0]",0.0,,0.0,"[0.45818539267141567, 0.45818539267141567, 0.45818539267141567, 0.45821338747584006]",[],"[0, 0, 0, 0]",0.0,,0.0,,,
18,CB347,M,32123,tetrodes,water_and_saliva,70,12.57626243,9.316131772,True,0.02732772,0.012966651,28,none,-4.109625668,0.725,-0.254237288,waveforms_70.npy,,"[5.7220458984375e-06, 9.342828883492249e-05, 0.0001261002515642381, 0.0003328220916323718]","[1, 1, 1, 1]","[-1, -1, -1, 1]",-1.0,140.0,1.0,"[0.0006895809882552005, 0.00012504635361066974, 0.03778686239167284, 0.6469970358426209]","[1, 1, 0, 0]","[1, -1]",1.0,14.0,1.0,"[2.7236824941340717e-05, 2.384185791015625e-07, 2.384185791015625e-07, 2.384185791015625e-07]","[1, 1, 1, 1]","[-1, -1, -1, -1]",-1.0,119.0,1.0,"[4.569278454003716e-05, 2.164652602273577e-05, 0.00011814919548595783, 0.016094603053288362]","[1, 1, 1, 0]","[-1, -1, 1]",-1.0,147.0,1.0,0.6068666666666668,0.7946666666666666,0.83625
19,CB347,M,32123,tetrodes,water_and_saliva,73,11.0800035,4.973395582,True,0.038978978,0.014355935,31,none,-3.186497326,0.75,-0.342541436,waveforms_73.npy,,"[9.5367431640625e-06, 1.33514404296875e-05, 0.001695524084579498, 0.001689910888671875]","[1, 1, 1, 1]","[1, 1, 1, 1]",1.0,17.0,1.0,"[7.363379917659478e-05, 0.008837001355920509, 0.9315505614920337, 0.4146467381546791]","[1, 0, 0, 0]",[1],1.0,80.0,1.0,"[2.384185791015625e-07, 2.384185791015625e-07, 6.277944837617991e-05, 0.00011686155378375674]","[1, 1, 1, 1]","[-1, 1, 1, 1]",-1.0,5.0,1.0,"[2.4232529902270854e-05, 2.5088923594513157e-05, 0.0025472208646534268, 0.000771535842074085]","[1, 1, 0, 1]","[1, 1, 1]",1.0,197.0,1.0,0.6088666666666667,0.6426666666666666,0.9025
20,CB347,M,32123,tetrodes,water_and_saliva,76,0.554787436,7.747189009,True,0.0,0.0,0,none,-3.765599343,0.85,-0.265888457,waveforms_76.npy,,"[0.42453187014444405, 0.42453187014444405, 0.6868628636128575, 0.42453187014444405]",[],"[0, 0, 0, 0]",0.0,,0.0,"[1.0, 1.0, 0.7003113729368902, 0.7003113729368902]",[],"[0, 0, 0, 0]",0.0,,0.0,"[0.4503142755112408, 0.4503142755112408, 0.4503142755112408, 0.4503142755112408]",[],"[0, 0, 0, 0]",0.0,,0.0,"[0.053948702805049896, 0.028215698037638702, 0.02824204776283331, 0.05410702531683165]",[],"[0, 0, 0, 0]",0.0,,0.0,,,
21,CB347,M,32123,tetrodes,water_and_saliva,80,2.265922307,7.60653579,True,0.090194441,0.001389284,3,none,-2.675,0.75,-0.249221184,waveforms_80.npy,,"[0.20520478725926805, 0.6766573217164245, 0.7318628119079937, 0.20520478725926805]",[],"[0, 0, 0, 0]",0.0,,0.0,"[0.029142892001343144, 0.0907253055911341, 0.19157572489057095, 0.748348568843747]",[],"[0, 0, 0, 0]",0.0,,0.0,"[0.7409031574718552, 0.7409031574718552, 0.7409031574718552, 0.513741355208198]",[],"[0, 0, 0, 0]",0.0,,0.0,"[0.008337278640381439, 0.20352874115870956, 0.009132511302134586, 0.008337278640381439]",[],"[0, 0, 0, 0]",0.0,,0.0,,,
0,CB348,M,32123,tetrodes,water_and_saliva,1,9.690823833,10.52172517,True,0.055668851,0.01568393,34,none,-4.358491896,0.4,-0.396551724,waveforms_1.npy,,"[5.839355436556446e-05, 6.556510925292969e-06, 3.5762786865234375e-07, 3.817109652234262e-05]","[1, 1, 1, 1]","[1, -1, -1, -1]",1.0,148.0,1.0,"[0.00021035451537311015, 0.0005851420244320551, 0.0006847743934503856, 0.0015530767225760975]","[1, 1, 1, 1]","[1, 1, 1, 1]",1.0,167.0,1.0,"[3.183829322617684e-05, 0.0006913345753549368, 1.633167266845703e-05, 0.00015078262389323758]","[1, 1, 1, 1]","[1, 1, 1, 1]",1.0,192.0,1.0,"[1.3113021850585938e-05, 0.26226429645979643, 0.0006192744781003181, 0.02199852542174765]","[1, 0, 1, 0]","[1, 1]",1.0,206.0,1.0,0.6163124999999999,0.6125,0.6525
1,CB348,M,32123,tetrodes,water_and_saliva,13,2.041217415,22.19065721,True,0.0,0.0,0,none,-31.32637363,0.15,-0.531731362,waveforms_13.npy,,"[0.01634394841768245, 0.05330855178155191, 0.027749752921965083, 0.08743828962601079]",[],"[0, 0, 0, 0]",0.0,,0.0,"[0.18253685344184845, 0.053948702805049896, 0.09914324776691916, 0.4075950171737024]",[],"[0, 0, 0, 0]",0.0,,0.0,"[0.03207045425997535, 0.07708807769741215, 0.026532791632230934, 0.08813545414463489]",[],"[0, 0, 0, 0]",0.0,,0.0,"[0.1968186156778936, 0.02895923959293457, 0.11139324354345938, 0.303714895984486]",[],"[0, 0, 0, 0]",0.0,,0.0,,,
2,CB348,M,32123,tetrodes,water_and_saliva,18,2.713319963,10.26479984,True,0.0,0.0,0,none,-3.872039725,0.825,-0.30617284,waveforms_18.npy,,"[0.7003113729368902, 1.0, 1.0, 0.7003113729368902]",[],"[0, 0, 0, 0]",0.0,,0.0,"[0.45818539267141567, 0.45818539267141567, 0.7003113729368902, 0.45821338747584006]",[],"[0, 0, 0, 0]",0.0,,0.0,"[1.0, 0.45818539267141567, 1.0, 0.7003113729368902]",[],"[0, 0, 0, 0]",0.0,,0.0,"[1.0, 1.0, 0.7003113729368902, 0.2829670132562849]",[],"[0, 0, 0, 0]",0.0,,0.0,,,
3,CB348,M,32123,tetrodes,water_and_saliva,22,10.92201237,5.627549147,True,0.025779792,0.009225841,20,none,-1.112078446,0.375,-0.295,waveforms_22.npy,,"[0.006900416061839403, 0.0049984136544381896, 0.0015072779457658146, 0.14207165982695344]","[0, 0, 1, 0]",[-1],-1.0,155.0,1.0,"[0.22386836566854895, 0.4270380260201345, 0.9085267646463586, 0.2277520618836555]",[],"[0, 0, 0, 0]",0.0,,0.0,"[0.001675289543073295, 0.0008306611071092696, 0.003122821835433465, 0.05069403855155824]","[1, 1, 0, 0]","[1, -1]",1.0,209.0,1.0,"[0.020531703463866, 0.036846060509838144, 0.490739402787407, 0.32957674907290735]",[],"[0, 0, 0, 0]",0.0,,0.0,0.6014999999999999,0.6325,0.68625
4,CB348,M,32123,tetrodes,water_and_saliva,23,0.600602277,4.796128125,True,0.426266091,0.000461292,1,none,0.047619048,0.15,-0.070588235,waveforms_23.npy,,"[0.4424980466684395, 0.28714740257408156, 0.28714740257408156, 0.2942280731054633]",[],"[0, 0, 0, 0]",0.0,,0.0,"[0.2757766867263942, 0.9767857943714133, 0.2757766867263942, 0.19533589627461667]",[],"[0, 0, 0, 0]",0.0,,0.0,"[0.25015014804655045, 0.16308357001470453, 0.05175207747905237, 0.11605578716308634]",[],"[0, 0, 0, 0]",0.0,,0.0,"[0.5185753812460396, 0.9874076640866827, 0.5185753812460396, 0.7438256982527363]",[],"[0, 0, 0, 0]",0.0,,0.0,,,
5,CB348,M,32123,tetrodes,water_and_saliva,26,1.024068398,5.475135796,True,0.0,0.0,0,none,-1.711153846,0.15,-0.220302376,waveforms_26.npy,,"[0.0010431427990739664, 0.00010567682030115389, 0.00017231344882845176, 0.00010463928766680522]","[1, 1, 1, 1]","[1, -1, -1, -1]",1.0,0.0,1.0,"[0.0025806930995642785, 0.004465450411326829, 0.0001692775536276032, 0.0005863081935090168]","[0, 0, 1, 1]","[-1, -1]",-1.0,563.0,1.0,"[0.0007837055406458003, 0.0015341047515176336, 0.0007034304461514633, 0.002122424143340251]","[1, 1, 1, 1]","[-1, -1, -1, -1]",-1.0,0.0,1.0,"[0.00489793430244233, 0.008269559905033533, 0.008944286211295002, 0.005849384825955463]",[],"[0, 0, 0, 0]",0.0,,0.0,0.597875,0.595,0.48
6,CB348,M,32123,tetrodes,water_and_saliva,35,2.130708077,7.241740596,True,0.067738695,0.000922584,2,none,-3.184491979,0.725,-0.317152104,waveforms_35.npy,,"[1.1920928955078125e-07, 1.873011100936e-05, 1.1920928955078125e-07, 1.1920928955078125e-07]","[1, 1, 1, 1]","[-1, -1, -1, -1]",-1.0,136.0,1.0,"[0.00023785059823206963, 0.0001289642929628045, 4.034356675870289e-05, 5.331231138832292e-05]","[1, 1, 1, 1]","[1, -1, -1, -1]",1.0,57.0,1.0,"[4.7471083274611436e-05, 2.3794041790049817e-05, 2.082047069449243e-05, 2.4372320073053422e-05]","[1, 1, 1, 1]","[-1, -1, -1, -1]",-1.0,158.0,1.0,"[0.10127170467911087, 0.008480993345156928, 0.002295548740897817, 0.014153045365015805]","[0, 0, 1, 0]",[-1],-1.0,314.0,1.0,0.61325,0.77375,0.72125
7,CB348,M,32123,tetrodes,water_and_saliva,49,0.947955206,16.09732254,True,0.342222925,0.000922584,2,none,-6.149562124,0.8,-0.290322581,waveforms_49.npy,,"[0.2942280731054633, 0.4424980466684395, 0.2755089941140232, 0.46067286596443746]",[],"[0, 0, 0, 0]",0.0,,0.0,"[0.7204236323869884, 0.7003113729368902, 0.7087943275311224, 0.3306384756724594]",[],"[0, 0, 0, 0]",0.0,,0.0,"[0.09099983036329837, 0.22345536994096638, 0.14226888430948667, 0.23210680934659134]",[],"[0, 0, 0, 0]",0.0,,0.0,"[0.6703722895858626, 0.6703722895858626, 0.846025435615821, 0.7038392972460492]",[],"[0, 0, 0, 0]",0.0,,0.0,,,
8,CB348,M,32123,tetrodes,water_and_saliva,52,17.48389208,27.36377911,True,0.0,0.0,0,none,-5.278011204,0.875,-0.169941061,waveforms_52.npy,,"[1.1920928955078125e-07, 1.1920928955078125e-07, 1.1920928955078125e-07, 1.1920928955078125e-07]","[1, 1, 1, 1]","[-1, 1, -1, -1]",-1.0,12.0,1.0,"[1.1920928955078125e-07, 1.1920928955078125e-07, 1.1920928955078125e-07, 1.1920928955078125e-07]","[1, 1, 1, 1]","[1, 1, -1, -1]",1.0,201.0,1.0,"[1.1920928955078125e-07, 1.1920928955078125e-07, 1.1920928955078125e-07, 1.1920928955078125e-07]","[1, 1, 1, 1]","[-1, -1, -1, -1]",-1.0,25.0,1.0,"[1.1920928955078125e-07, 1.1920928955078125e-07, 1.1920928955078125e-07, 1.1920928955078125e-07]","[1, 1, 1, 1]","[-1, -1, 1, -1]",-1.0,211.0,1.0,0.657625,0.7325,0.78
9,CB348,M,32123,tetrodes,water_and_saliva,65,3.283015671,3.791931599,True,0.085597302,0.002767752,6,none,-2.142172961,0.75,-0.348684211,waveforms_65.npy,,"[3.3053730115940095e-05, 0.0004087658871610585, 8.524723396363966e-05, 0.0007423162460327148]","[1, 1, 1, 1]","[-1, 1, 1, 1]",-1.0,10.0,1.0,"[0.00015384704610522685, 0.0010209293522960906, 0.0002153619115474186, 0.00017191519302761272]","[1, 1, 1, 1]","[-1, 1, 1, 1]",-1.0,2.0,1.0,"[0.0005509324475091718, 0.004915619849988278, 0.005879897882500776, 0.001091480684113353]","[1, 0, 0, 1]","[1, 1]",1.0,196.0,1.0,"[0.005059553106170812, 0.02491681890812735, 0.058413408570881856, 0.052405542095949754]",[],"[0, 0, 0, 0]",0.0,,0.0,0.59125,0.56125,0.4475
10,CB348,M,32123,tetrodes,water_and_saliva,70,22.91975785,6.626234061,True,0.010244782,0.016145222,35,none,-4.333333333,0.125,-0.252204586,waveforms_70.npy,,"[1.1920928955078125e-07, 1.1920928955078125e-07, 1.1920928955078125e-07, 1.1920928955078125e-07]","[1, 1, 1, 1]","[1, -1, -1, -1]",1.0,0.0,1.0,"[1.1920928955078125e-07, 1.1920928955078125e-07, 1.1920928955078125e-07, 1.1920928955078125e-07]","[1, 1, 1, 1]","[1, 1, 1, -1]",1.0,67.0,1.0,"[1.1920928955078125e-07, 1.1920928955078125e-07, 1.1920928955078125e-07, 1.1920928955078125e-07]","[1, 1, 1, 1]","[1, -1, -1, -1]",1.0,0.0,1.0,"[1.1920928955078125e-07, 1.1920928955078125e-07, 1.1920928955078125e-07, 1.1920928955078125e-07]","[1, 1, 1, 1]","[1, 1, 1, 1]",1.0,69.0,1.0,0.61125,0.7225,0.8825
11,CB348,M,32123,tetrodes,water_and_saliva,77,1.922204061,9.016254909,True,0.083231122,0.000922584,2,none,-1.544397759,0.775,-0.162162162,waveforms_77.npy,,"[1.8528110688022397e-05, 1.885956727834317e-05, 1.9045739831198418e-05, 1.871167518099999e-05]","[1, 1, 1, 1]","[-1, -1, -1, -1]",-1.0,3.0,1.0,"[1.6689300537109375e-06, 1.7543987726121882e-05, 1.8075471362837514e-05, 1.8111354821031812e-05]","[1, 1, 1, 1]","[1, -1, -1, -1]",1.0,163.0,1.0,"[0.00013106662822857628, 4.6517307328475116e-05, 2.374707951976534e-05, 2.86370654368445e-05]","[1, 1, 1, 1]","[-1, -1, -1, -1]",-1.0,0.0,1.0,"[0.000903892771998186, 9.147777824865444e-05, 5.085393276005226e-05, 0.0001376943944955272]","[1, 1, 1, 1]","[-1, -1, -1, -1]",-1.0,179.0,1.0,0.6164375,0.67375,0.54625
12,CB348,M,32123,tetrodes,water_and_saliva,80,3.132634456,5.708993643,True,0.047006352,0.001383876,3,none,-5.0,0.125,-0.077294686,waveforms_80.npy,,"[0.17297088408044803, 0.29512381772081175, 0.09731551956511707, 0.2373017786499999]",[],"[0, 0, 0, 0]",0.0,,0.0,"[0.05097785089949853, 0.17297088408044803, 0.24857917257333995, 0.05375090456282328]",[],"[0, 0, 0, 0]",0.0,,0.0,"[0.4065808058626247, 0.28714740257408156, 0.5958830905651777, 0.8718887714676588]",[],"[0, 0, 0, 0]",0.0,,0.0,"[0.860371799858856, 0.42014532696137175, 0.45507733845141984, 0.8161247546682988]",[],"[0, 0, 0, 0]",0.0,,0.0,,,
